video_name,video_path,object_path,event_path
VIRAT_S_010109_05_000602_000678.mp4,VIRAT_Dataset/videos/VIRAT_S_010109_05_000602_000678.mp4,VIRAT_Dataset/annotations/VIRAT_S_010109_05_000602_000678.viratdata.objects.txt,NaN
VIRAT_S_000102.mp4,VIRAT_Dataset/videos/VIRAT_S_000102.mp4,VIRAT_Dataset/annotations/VIRAT_S_000102.viratdata.objects.txt,VIRAT_Dataset/annotations/VIRAT_S_000102.viratdata.events.txt
VIRAT_S_050203_07_001288_001531.mp4,VIRAT_Dataset/videos/VIRAT_S_050203_07_001288_001531.mp4,VIRAT_Dataset/annotations/VIRAT_S_050203_07_001288_001531.viratdata.objects.txt,VIRAT_Dataset/annotations/VIRAT_S_050203_07_001288_001531.viratdata.events.txt
VIRAT_S_000206_07_001501_001600.mp4,VIRAT_Dataset/videos/VIRAT_S_000206_07_001501_001600.mp4,VIRAT_Dataset/annotations/VIRAT_S_000206_07_001501_001600.viratdata.objects.txt,VIRAT_Dataset/annotations/VIRAT_S_000206_07_001501_001600.viratdata.events.txt
VIRAT_S_000203_04_000903_001086.mp4,VIRAT_Dataset/videos/VIRAT_S_000203_04_000903_001086.mp4,VIRAT_Dataset/annotations/VIRAT_S_000203_04_000903_001086.viratdata.objects.txt,VIRAT_Dataset/annotations/VIRAT_S_000203_04_000903_001086.viratdata.events.txt
VIRAT_S_050000_05_000696_000732.mp4,VIRAT_Dataset/videos/VIRAT_S_050000_05_000696_000732.mp4,VIRAT_Dataset/annotations/VIRAT_S_050000_05_000696_000732.viratdata.objects.txt,VIRAT_Dataset/annotations/VIRAT_S_050000_05_000696_000732.viratdata.events.txt
VIRAT_S_010001_09_000921_000952.mp4,VIRAT_Dataset/videos/VIRAT_S_010001_09_000921_000952.mp4,VIRAT_Dataset/annotations/VIRAT_S_010001_09_000921_000952.viratdata.objects.txt,VIRAT_Dataset/annotations/VIRAT_S_010001_09_000921_000952.viratdata.events.txt
VIRAT_S_040104_01_000227_000457.mp4,VIRAT_Dataset/videos/VIRAT_S_040104_01_000227_000457.mp4,VIRAT_Dataset/annotations/VIRAT_S_040104_01_000227_000457.viratdata.objects.txt,VIRAT_Dataset/annotations/VIRAT_S_040104_01_000227_000457.viratdata.events.txt
VIRAT_S_010207_01_000712_000752.mp4,VIRAT_Dataset/videos/VIRAT_S_010207_01_000712_000752.mp4,VIRAT_Dataset/annotations/VIRAT_S_010207_01_000712_000752.viratdata.objects.txt,VIRAT_Dataset/annotations/VIRAT_S_010207_01_000712_000752.viratdata.events.txt
VIRAT_S_040103_03_000284_000425.mp4,VIRAT_Dataset/videos/VIRAT_S_040103_03_000284_000425.mp4,VIRAT_Dataset/annotations/VIRAT_S_040103_03_000284_000425.viratdata.objects.txt,VIRAT_Dataset/annotations/VIRAT_S_040103_03_000284_000425.viratdata.events.txt
VIRAT_S_010204_05_000856_000890.mp4,VIRAT_Dataset/videos/VIRAT_S_010204_05_000856_000890.mp4,VIRAT_Dataset/annotations/VIRAT_S_010204_05_000856_000890.viratdata.objects.txt,VIRAT_Dataset/annotations/VIRAT_S_010204_05_000856_000890.viratdata.events.txt
VIRAT_S_040103_08_001475_001512.mp4,VIRAT_Dataset/videos/VIRAT_S_040103_08_001475_001512.mp4,VIRAT_Dataset/annotations/VIRAT_S_040103_08_001475_001512.viratdata.objects.txt,VIRAT_Dataset/annotations/VIRAT_S_040103_08_001475_001512.viratdata.events.txt
VIRAT_S_050202_10_002159_002233.mp4,VIRAT_Dataset/videos/VIRAT_S_050202_10_002159_002233.mp4,VIRAT_Dataset/annotations/VIRAT_S_050202_10_002159_002233.viratdata.objects.txt,VIRAT_Dataset/annotations/VIRAT_S_050202_10_002159_002233.viratdata.events.txt
VIRAT_S_010200_02_000349_000398.mp4,VIRAT_Dataset/videos/VIRAT_S_010200_02_000349_000398.mp4,VIRAT_Dataset/annotations/VIRAT_S_010200_02_000349_000398.viratdata.objects.txt,VIRAT_Dataset/annotations/VIRAT_S_010200_02_000349_000398.viratdata.events.txt
VIRAT_S_010203_09_001010_001036.mp4,VIRAT_Dataset/videos/VIRAT_S_010203_09_001010_001036.mp4,VIRAT_Dataset/annotations/VIRAT_S_010203_09_001010_001036.viratdata.objects.txt,NaN
VIRAT_S_010106_05_000954_000996.mp4,VIRAT_Dataset/videos/VIRAT_S_010106_05_000954_000996.mp4,VIRAT_Dataset/annotations/VIRAT_S_010106_05_000954_000996.viratdata.objects.txt,VIRAT_Dataset/annotations/VIRAT_S_010106_05_000954_000996.viratdata.events.txt
VIRAT_S_040104_02_000459_000721.mp4,VIRAT_Dataset/videos/VIRAT_S_040104_02_000459_000721.mp4,VIRAT_Dataset/annotations/VIRAT_S_040104_02_000459_000721.viratdata.objects.txt,VIRAT_Dataset/annotations/VIRAT_S_040104_02_000459_000721.viratdata.events.txt
VIRAT_S_010003_00_000000_000108.mp4,VIRAT_Dataset/videos/VIRAT_S_010003_00_000000_000108.mp4,VIRAT_Dataset/annotations/VIRAT_S_010003_00_000000_000108.viratdata.objects.txt,VIRAT_Dataset/annotations/VIRAT_S_010003_00_000000_000108.viratdata.events.txt
VIRAT_S_010112_00_000015_000095.mp4,VIRAT_Dataset/videos/VIRAT_S_010112_00_000015_000095.mp4,VIRAT_Dataset/annotations/VIRAT_S_010112_00_000015_000095.viratdata.objects.txt,VIRAT_Dataset/annotations/VIRAT_S_010112_00_000015_000095.viratdata.events.txt
VIRAT_S_000201_07_001485_001581.mp4,VIRAT_Dataset/videos/VIRAT_S_000201_07_001485_001581.mp4,VIRAT_Dataset/annotations/VIRAT_S_000201_07_001485_001581.viratdata.objects.txt,VIRAT_Dataset/annotations/VIRAT_S_000201_07_001485_001581.viratdata.events.txt
VIRAT_S_010204_01_000072_000225.mp4,VIRAT_Dataset/videos/VIRAT_S_010204_01_000072_000225.mp4,VIRAT_Dataset/annotations/VIRAT_S_010204_01_000072_000225.viratdata.objects.txt,VIRAT_Dataset/annotations/VIRAT_S_010204_01_000072_000225.viratdata.events.txt
VIRAT_S_050301_01_000083_000320.mp4,VIRAT_Dataset/videos/VIRAT_S_050301_01_000083_000320.mp4,VIRAT_Dataset/annotations/VIRAT_S_050301_01_000083_000320.viratdata.objects.txt,VIRAT_Dataset/annotations/VIRAT_S_050301_01_000083_000320.viratdata.events.txt
VIRAT_S_000201_08_001652_001838.mp4,VIRAT_Dataset/videos/VIRAT_S_000201_08_001652_001838.mp4,VIRAT_Dataset/annotations/VIRAT_S_000201_08_001652_001838.viratdata.objects.txt,VIRAT_Dataset/annotations/VIRAT_S_000201_08_001652_001838.viratdata.events.txt
VIRAT_S_010201_01_000125_000152.mp4,VIRAT_Dataset/videos/VIRAT_S_010201_01_000125_000152.mp4,VIRAT_Dataset/annotations/VIRAT_S_010201_01_000125_000152.viratdata.objects.txt,VIRAT_Dataset/annotations/VIRAT_S_010201_01_000125_000152.viratdata.events.txt
VIRAT_S_010005_05_000397_000430.mp4,VIRAT_Dataset/videos/VIRAT_S_010005_05_000397_000430.mp4,VIRAT_Dataset/annotations/VIRAT_S_010005_05_000397_000430.viratdata.objects.txt,VIRAT_Dataset/annotations/VIRAT_S_010005_05_000397_000430.viratdata.events.txt
VIRAT_S_010003_14_001127_001190.mp4,VIRAT_Dataset/videos/VIRAT_S_010003_14_001127_001190.mp4,VIRAT_Dataset/annotations/VIRAT_S_010003_14_001127_001190.viratdata.objects.txt,VIRAT_Dataset/annotations/VIRAT_S_010003_14_001127_001190.viratdata.events.txt
VIRAT_S_040000_06_000746_000964.mp4,VIRAT_Dataset/videos/VIRAT_S_040000_06_000746_000964.mp4,VIRAT_Dataset/annotations/VIRAT_S_040000_06_000746_000964.viratdata.objects.txt,VIRAT_Dataset/annotations/VIRAT_S_040000_06_000746_000964.viratdata.events.txt
VIRAT_S_050300_00_000000_000067.mp4,VIRAT_Dataset/videos/VIRAT_S_050300_00_000000_000067.mp4,VIRAT_Dataset/annotations/VIRAT_S_050300_00_000000_000067.viratdata.objects.txt,VIRAT_Dataset/annotations/VIRAT_S_050300_00_000000_000067.viratdata.events.txt
VIRAT_S_010003_07_000608_000636.mp4,VIRAT_Dataset/videos/VIRAT_S_010003_07_000608_000636.mp4,VIRAT_Dataset/annotations/VIRAT_S_010003_07_000608_000636.viratdata.objects.txt,VIRAT_Dataset/annotations/VIRAT_S_010003_07_000608_000636.viratdata.events.txt
VIRAT_S_010106_00_000098_000315.mp4,VIRAT_Dataset/videos/VIRAT_S_010106_00_000098_000315.mp4,VIRAT_Dataset/annotations/VIRAT_S_010106_00_000098_000315.viratdata.objects.txt,VIRAT_Dataset/annotations/VIRAT_S_010106_00_000098_000315.viratdata.events.txt
VIRAT_S_000201_03_000640_000672.mp4,VIRAT_Dataset/videos/VIRAT_S_000201_03_000640_000672.mp4,VIRAT_Dataset/annotations/VIRAT_S_000201_03_000640_000672.viratdata.objects.txt,VIRAT_Dataset/annotations/VIRAT_S_000201_03_000640_000672.viratdata.events.txt
VIRAT_S_000200_04_000937_001443.mp4,VIRAT_Dataset/videos/VIRAT_S_000200_04_000937_001443.mp4,VIRAT_Dataset/annotations/VIRAT_S_000200_04_000937_001443.viratdata.objects.txt,VIRAT_Dataset/annotations/VIRAT_S_000200_04_000937_001443.viratdata.events.txt
VIRAT_S_010203_08_000895_000975.mp4,VIRAT_Dataset/videos/VIRAT_S_010203_08_000895_000975.mp4,VIRAT_Dataset/annotations/VIRAT_S_010203_08_000895_000975.viratdata.objects.txt,VIRAT_Dataset/annotations/VIRAT_S_010203_08_000895_000975.viratdata.events.txt
VIRAT_S_010111_08_000920_000954.mp4,VIRAT_Dataset/videos/VIRAT_S_010111_08_000920_000954.mp4,VIRAT_Dataset/annotations/VIRAT_S_010111_08_000920_000954.viratdata.objects.txt,VIRAT_Dataset/annotations/VIRAT_S_010111_08_000920_000954.viratdata.events.txt
VIRAT_S_010106_01_000493_000526.mp4,VIRAT_Dataset/videos/VIRAT_S_010106_01_000493_000526.mp4,VIRAT_Dataset/annotations/VIRAT_S_010106_01_000493_000526.viratdata.objects.txt,VIRAT_Dataset/annotations/VIRAT_S_010106_01_000493_000526.viratdata.events.txt
VIRAT_S_010003_02_000165_000202.mp4,VIRAT_Dataset/videos/VIRAT_S_010003_02_000165_000202.mp4,VIRAT_Dataset/annotations/VIRAT_S_010003_02_000165_000202.viratdata.objects.txt,VIRAT_Dataset/annotations/VIRAT_S_010003_02_000165_000202.viratdata.events.txt
VIRAT_S_040103_00_000000_000120.mp4,VIRAT_Dataset/videos/VIRAT_S_040103_00_000000_000120.mp4,VIRAT_Dataset/annotations/VIRAT_S_040103_00_000000_000120.viratdata.objects.txt,VIRAT_Dataset/annotations/VIRAT_S_040103_00_000000_000120.viratdata.events.txt
VIRAT_S_000207_04_000902_000934.mp4,VIRAT_Dataset/videos/VIRAT_S_000207_04_000902_000934.mp4,VIRAT_Dataset/annotations/VIRAT_S_000207_04_000902_000934.viratdata.objects.txt,VIRAT_Dataset/annotations/VIRAT_S_000207_04_000902_000934.viratdata.events.txt
VIRAT_S_000201_05_001081_001215.mp4,VIRAT_Dataset/videos/VIRAT_S_000201_05_001081_001215.mp4,VIRAT_Dataset/annotations/VIRAT_S_000201_05_001081_001215.viratdata.objects.txt,VIRAT_Dataset/annotations/VIRAT_S_000201_05_001081_001215.viratdata.events.txt
VIRAT_S_010001_08_000826_000893.mp4,VIRAT_Dataset/videos/VIRAT_S_010001_08_000826_000893.mp4,VIRAT_Dataset/annotations/VIRAT_S_010001_08_000826_000893.viratdata.objects.txt,VIRAT_Dataset/annotations/VIRAT_S_010001_08_000826_000893.viratdata.events.txt
VIRAT_S_040000_04_000532_000622.mp4,VIRAT_Dataset/videos/VIRAT_S_040000_04_000532_000622.mp4,VIRAT_Dataset/annotations/VIRAT_S_040000_04_000532_000622.viratdata.objects.txt,VIRAT_Dataset/annotations/VIRAT_S_040000_04_000532_000622.viratdata.events.txt
VIRAT_S_050201_11_002090_002220.mp4,VIRAT_Dataset/videos/VIRAT_S_050201_11_002090_002220.mp4,VIRAT_Dataset/annotations/VIRAT_S_050201_11_002090_002220.viratdata.objects.txt,VIRAT_Dataset/annotations/VIRAT_S_050201_11_002090_002220.viratdata.events.txt
VIRAT_S_010003_01_000111_000137.mp4,VIRAT_Dataset/videos/VIRAT_S_010003_01_000111_000137.mp4,VIRAT_Dataset/annotations/VIRAT_S_010003_01_000111_000137.viratdata.objects.txt,VIRAT_Dataset/annotations/VIRAT_S_010003_01_000111_000137.viratdata.events.txt
VIRAT_S_010111_00_000000_000032.mp4,VIRAT_Dataset/videos/VIRAT_S_010111_00_000000_000032.mp4,VIRAT_Dataset/annotations/VIRAT_S_010111_00_000000_000032.viratdata.objects.txt,NaN
VIRAT_S_010203_05_000515_000593.mp4,VIRAT_Dataset/videos/VIRAT_S_010203_05_000515_000593.mp4,VIRAT_Dataset/annotations/VIRAT_S_010203_05_000515_000593.viratdata.objects.txt,VIRAT_Dataset/annotations/VIRAT_S_010203_05_000515_000593.viratdata.events.txt
VIRAT_S_010003_03_000219_000259.mp4,VIRAT_Dataset/videos/VIRAT_S_010003_03_000219_000259.mp4,VIRAT_Dataset/annotations/VIRAT_S_010003_03_000219_000259.viratdata.objects.txt,VIRAT_Dataset/annotations/VIRAT_S_010003_03_000219_000259.viratdata.events.txt
VIRAT_S_000206_08_001618_001712.mp4,VIRAT_Dataset/videos/VIRAT_S_000206_08_001618_001712.mp4,VIRAT_Dataset/annotations/VIRAT_S_000206_08_001618_001712.viratdata.objects.txt,VIRAT_Dataset/annotations/VIRAT_S_000206_08_001618_001712.viratdata.events.txt
VIRAT_S_010207_05_001013_001038.mp4,VIRAT_Dataset/videos/VIRAT_S_010207_05_001013_001038.mp4,VIRAT_Dataset/annotations/VIRAT_S_010207_05_001013_001038.viratdata.objects.txt,VIRAT_Dataset/annotations/VIRAT_S_010207_05_001013_001038.viratdata.events.txt
VIRAT_S_010202_02_000161_000189.mp4,VIRAT_Dataset/videos/VIRAT_S_010202_02_000161_000189.mp4,VIRAT_Dataset/annotations/VIRAT_S_010202_02_000161_000189.viratdata.objects.txt,VIRAT_Dataset/annotations/VIRAT_S_010202_02_000161_000189.viratdata.events.txt
VIRAT_S_040103_01_000132_000195.mp4,VIRAT_Dataset/videos/VIRAT_S_040103_01_000132_000195.mp4,VIRAT_Dataset/annotations/VIRAT_S_040103_01_000132_000195.viratdata.objects.txt,VIRAT_Dataset/annotations/VIRAT_S_040103_01_000132_000195.viratdata.events.txt
VIRAT_S_010111_09_000981_001014.mp4,VIRAT_Dataset/videos/VIRAT_S_010111_09_000981_001014.mp4,VIRAT_Dataset/annotations/VIRAT_S_010111_09_000981_001014.viratdata.objects.txt,NaN
VIRAT_S_010203_10_001092_001121.mp4,VIRAT_Dataset/videos/VIRAT_S_010203_10_001092_001121.mp4,VIRAT_Dataset/annotations/VIRAT_S_010203_10_001092_001121.viratdata.objects.txt,VIRAT_Dataset/annotations/VIRAT_S_010203_10_001092_001121.viratdata.events.txt
VIRAT_S_010004_08_000811_000920.mp4,VIRAT_Dataset/videos/VIRAT_S_010004_08_000811_000920.mp4,VIRAT_Dataset/annotations/VIRAT_S_010004_08_000811_000920.viratdata.objects.txt,VIRAT_Dataset/annotations/VIRAT_S_010004_08_000811_000920.viratdata.events.txt
VIRAT_S_050000_03_000585_000639.mp4,VIRAT_Dataset/videos/VIRAT_S_050000_03_000585_000639.mp4,VIRAT_Dataset/annotations/VIRAT_S_050000_03_000585_000639.viratdata.objects.txt,VIRAT_Dataset/annotations/VIRAT_S_050000_03_000585_000639.viratdata.events.txt
VIRAT_S_010206_04_000720_000767.mp4,VIRAT_Dataset/videos/VIRAT_S_010206_04_000720_000767.mp4,VIRAT_Dataset/annotations/VIRAT_S_010206_04_000720_000767.viratdata.objects.txt,VIRAT_Dataset/annotations/VIRAT_S_010206_04_000720_000767.viratdata.events.txt
VIRAT_S_050000_04_000640_000690.mp4,VIRAT_Dataset/videos/VIRAT_S_050000_04_000640_000690.mp4,VIRAT_Dataset/annotations/VIRAT_S_050000_04_000640_000690.viratdata.objects.txt,VIRAT_Dataset/annotations/VIRAT_S_050000_04_000640_000690.viratdata.events.txt
VIRAT_S_010115_01_000399_000467.mp4,VIRAT_Dataset/videos/VIRAT_S_010115_01_000399_000467.mp4,VIRAT_Dataset/annotations/VIRAT_S_010115_01_000399_000467.viratdata.objects.txt,NaN
VIRAT_S_040000_07_000966_001071.mp4,VIRAT_Dataset/videos/VIRAT_S_040000_07_000966_001071.mp4,VIRAT_Dataset/annotations/VIRAT_S_040000_07_000966_001071.viratdata.objects.txt,VIRAT_Dataset/annotations/VIRAT_S_040000_07_000966_001071.viratdata.events.txt
VIRAT_S_010115_03_000685_000793.mp4,VIRAT_Dataset/videos/VIRAT_S_010115_03_000685_000793.mp4,VIRAT_Dataset/annotations/VIRAT_S_010115_03_000685_000793.viratdata.objects.txt,VIRAT_Dataset/annotations/VIRAT_S_010115_03_000685_000793.viratdata.events.txt
VIRAT_S_010207_04_000929_000954.mp4,VIRAT_Dataset/videos/VIRAT_S_010207_04_000929_000954.mp4,VIRAT_Dataset/annotations/VIRAT_S_010207_04_000929_000954.viratdata.objects.txt,VIRAT_Dataset/annotations/VIRAT_S_010207_04_000929_000954.viratdata.events.txt
VIRAT_S_010200_04_000568_000620.mp4,VIRAT_Dataset/videos/VIRAT_S_010200_04_000568_000620.mp4,VIRAT_Dataset/annotations/VIRAT_S_010200_04_000568_000620.viratdata.objects.txt,VIRAT_Dataset/annotations/VIRAT_S_010200_04_000568_000620.viratdata.events.txt
VIRAT_S_040005_07_001026_001223.mp4,VIRAT_Dataset/videos/VIRAT_S_040005_07_001026_001223.mp4,VIRAT_Dataset/annotations/VIRAT_S_040005_07_001026_001223.viratdata.objects.txt,VIRAT_Dataset/annotations/VIRAT_S_040005_07_001026_001223.viratdata.events.txt
VIRAT_S_010113_02_000434_000479.mp4,VIRAT_Dataset/videos/VIRAT_S_010113_02_000434_000479.mp4,VIRAT_Dataset/annotations/VIRAT_S_010113_02_000434_000479.viratdata.objects.txt,NaN
VIRAT_S_010000_00_000000_000165.mp4,VIRAT_Dataset/videos/VIRAT_S_010000_00_000000_000165.mp4,VIRAT_Dataset/annotations/VIRAT_S_010000_00_000000_000165.viratdata.objects.txt,VIRAT_Dataset/annotations/VIRAT_S_010000_00_000000_000165.viratdata.events.txt
VIRAT_S_050203_09_001960_002083.mp4,VIRAT_Dataset/videos/VIRAT_S_050203_09_001960_002083.mp4,VIRAT_Dataset/annotations/VIRAT_S_050203_09_001960_002083.viratdata.objects.txt,VIRAT_Dataset/annotations/VIRAT_S_050203_09_001960_002083.viratdata.events.txt
VIRAT_S_010204_10_001372_001395.mp4,VIRAT_Dataset/videos/VIRAT_S_010204_10_001372_001395.mp4,VIRAT_Dataset/annotations/VIRAT_S_010204_10_001372_001395.viratdata.objects.txt,NaN
VIRAT_S_050300_03_000726_000834.mp4,VIRAT_Dataset/videos/VIRAT_S_050300_03_000726_000834.mp4,VIRAT_Dataset/annotations/VIRAT_S_050300_03_000726_000834.viratdata.objects.txt,VIRAT_Dataset/annotations/VIRAT_S_050300_03_000726_000834.viratdata.events.txt
VIRAT_S_010110_00_000000_000021.mp4,VIRAT_Dataset/videos/VIRAT_S_010110_00_000000_000021.mp4,VIRAT_Dataset/annotations/VIRAT_S_010110_00_000000_000021.viratdata.objects.txt,VIRAT_Dataset/annotations/VIRAT_S_010110_00_000000_000021.viratdata.events.txt
VIRAT_S_010204_09_001285_001336.mp4,VIRAT_Dataset/videos/VIRAT_S_010204_09_001285_001336.mp4,VIRAT_Dataset/annotations/VIRAT_S_010204_09_001285_001336.viratdata.objects.txt,VIRAT_Dataset/annotations/VIRAT_S_010204_09_001285_001336.viratdata.events.txt
VIRAT_S_010110_06_000953_001011.mp4,VIRAT_Dataset/videos/VIRAT_S_010110_06_000953_001011.mp4,VIRAT_Dataset/annotations/VIRAT_S_010110_06_000953_001011.viratdata.objects.txt,NaN
VIRAT_S_050202_07_001126_001301.mp4,VIRAT_Dataset/videos/VIRAT_S_050202_07_001126_001301.mp4,VIRAT_Dataset/annotations/VIRAT_S_050202_07_001126_001301.viratdata.objects.txt,VIRAT_Dataset/annotations/VIRAT_S_050202_07_001126_001301.viratdata.events.txt
VIRAT_S_050202_00_000000_000105.mp4,VIRAT_Dataset/videos/VIRAT_S_050202_00_000000_000105.mp4,VIRAT_Dataset/annotations/VIRAT_S_050202_00_000000_000105.viratdata.objects.txt,VIRAT_Dataset/annotations/VIRAT_S_050202_00_000000_000105.viratdata.events.txt
VIRAT_S_010204_04_000646_000754.mp4,VIRAT_Dataset/videos/VIRAT_S_010204_04_000646_000754.mp4,VIRAT_Dataset/annotations/VIRAT_S_010204_04_000646_000754.viratdata.objects.txt,VIRAT_Dataset/annotations/VIRAT_S_010204_04_000646_000754.viratdata.events.txt
VIRAT_S_010206_01_000124_000206.mp4,VIRAT_Dataset/videos/VIRAT_S_010206_01_000124_000206.mp4,VIRAT_Dataset/annotations/VIRAT_S_010206_01_000124_000206.viratdata.objects.txt,VIRAT_Dataset/annotations/VIRAT_S_010206_01_000124_000206.viratdata.events.txt
VIRAT_S_010206_03_000546_000580.mp4,VIRAT_Dataset/videos/VIRAT_S_010206_03_000546_000580.mp4,VIRAT_Dataset/annotations/VIRAT_S_010206_03_000546_000580.viratdata.objects.txt,VIRAT_Dataset/annotations/VIRAT_S_010206_03_000546_000580.viratdata.events.txt
VIRAT_S_000003.mp4,VIRAT_Dataset/videos/VIRAT_S_000003.mp4,VIRAT_Dataset/annotations/VIRAT_S_000003.viratdata.objects.txt,VIRAT_Dataset/annotations/VIRAT_S_000003.viratdata.events.txt
VIRAT_S_010110_04_000777_000812.mp4,VIRAT_Dataset/videos/VIRAT_S_010110_04_000777_000812.mp4,VIRAT_Dataset/annotations/VIRAT_S_010110_04_000777_000812.viratdata.objects.txt,NaN
VIRAT_S_010201_05_000499_000527.mp4,VIRAT_Dataset/videos/VIRAT_S_010201_05_000499_000527.mp4,VIRAT_Dataset/annotations/VIRAT_S_010201_05_000499_000527.viratdata.objects.txt,VIRAT_Dataset/annotations/VIRAT_S_010201_05_000499_000527.viratdata.events.txt
VIRAT_S_010206_02_000414_000439.mp4,VIRAT_Dataset/videos/VIRAT_S_010206_02_000414_000439.mp4,VIRAT_Dataset/annotations/VIRAT_S_010206_02_000414_000439.viratdata.objects.txt,VIRAT_Dataset/annotations/VIRAT_S_010206_02_000414_000439.viratdata.events.txt
VIRAT_S_010111_04_000718_000760.mp4,VIRAT_Dataset/videos/VIRAT_S_010111_04_000718_000760.mp4,VIRAT_Dataset/annotations/VIRAT_S_010111_04_000718_000760.viratdata.objects.txt,NaN
VIRAT_S_040001_02_001102_001530.mp4,VIRAT_Dataset/videos/VIRAT_S_040001_02_001102_001530.mp4,VIRAT_Dataset/annotations/VIRAT_S_040001_02_001102_001530.viratdata.objects.txt,VIRAT_Dataset/annotations/VIRAT_S_040001_02_001102_001530.viratdata.events.txt
VIRAT_S_050000_10_001462_001491.mp4,VIRAT_Dataset/videos/VIRAT_S_050000_10_001462_001491.mp4,VIRAT_Dataset/annotations/VIRAT_S_050000_10_001462_001491.viratdata.objects.txt,VIRAT_Dataset/annotations/VIRAT_S_050000_10_001462_001491.viratdata.events.txt
VIRAT_S_010112_01_000128_000187.mp4,VIRAT_Dataset/videos/VIRAT_S_010112_01_000128_000187.mp4,VIRAT_Dataset/annotations/VIRAT_S_010112_01_000128_000187.viratdata.objects.txt,VIRAT_Dataset/annotations/VIRAT_S_010112_01_000128_000187.viratdata.events.txt
VIRAT_S_010003_09_000779_000861.mp4,VIRAT_Dataset/videos/VIRAT_S_010003_09_000779_000861.mp4,VIRAT_Dataset/annotations/VIRAT_S_010003_09_000779_000861.viratdata.objects.txt,VIRAT_Dataset/annotations/VIRAT_S_010003_09_000779_000861.viratdata.events.txt
VIRAT_S_000205_04_000927_001057.mp4,VIRAT_Dataset/videos/VIRAT_S_000205_04_000927_001057.mp4,VIRAT_Dataset/annotations/VIRAT_S_000205_04_000927_001057.viratdata.objects.txt,VIRAT_Dataset/annotations/VIRAT_S_000205_04_000927_001057.viratdata.events.txt
VIRAT_S_010004_03_000239_000277.mp4,VIRAT_Dataset/videos/VIRAT_S_010004_03_000239_000277.mp4,VIRAT_Dataset/annotations/VIRAT_S_010004_03_000239_000277.viratdata.objects.txt,VIRAT_Dataset/annotations/VIRAT_S_010004_03_000239_000277.viratdata.events.txt
VIRAT_S_040104_07_001268_001348.mp4,VIRAT_Dataset/videos/VIRAT_S_040104_07_001268_001348.mp4,VIRAT_Dataset/annotations/VIRAT_S_040104_07_001268_001348.viratdata.objects.txt,VIRAT_Dataset/annotations/VIRAT_S_040104_07_001268_001348.viratdata.events.txt
VIRAT_S_010109_00_000000_000063.mp4,VIRAT_Dataset/videos/VIRAT_S_010109_00_000000_000063.mp4,VIRAT_Dataset/annotations/VIRAT_S_010109_00_000000_000063.viratdata.objects.txt,VIRAT_Dataset/annotations/VIRAT_S_010109_00_000000_000063.viratdata.events.txt
VIRAT_S_010203_00_000047_000139.mp4,VIRAT_Dataset/videos/VIRAT_S_010203_00_000047_000139.mp4,VIRAT_Dataset/annotations/VIRAT_S_010203_00_000047_000139.viratdata.objects.txt,VIRAT_Dataset/annotations/VIRAT_S_010203_00_000047_000139.viratdata.events.txt
VIRAT_S_040104_05_000939_001116.mp4,VIRAT_Dataset/videos/VIRAT_S_040104_05_000939_001116.mp4,VIRAT_Dataset/annotations/VIRAT_S_040104_05_000939_001116.viratdata.objects.txt,VIRAT_Dataset/annotations/VIRAT_S_040104_05_000939_001116.viratdata.events.txt
VIRAT_S_010113_07_000965_001013.mp4,VIRAT_Dataset/videos/VIRAT_S_010113_07_000965_001013.mp4,VIRAT_Dataset/annotations/VIRAT_S_010113_07_000965_001013.viratdata.objects.txt,VIRAT_Dataset/annotations/VIRAT_S_010113_07_000965_001013.viratdata.events.txt
VIRAT_S_010208_00_000000_000049.mp4,VIRAT_Dataset/videos/VIRAT_S_010208_00_000000_000049.mp4,VIRAT_Dataset/annotations/VIRAT_S_010208_00_000000_000049.viratdata.objects.txt,VIRAT_Dataset/annotations/VIRAT_S_010208_00_000000_000049.viratdata.events.txt
VIRAT_S_040003_03_000577_000741.mp4,VIRAT_Dataset/videos/VIRAT_S_040003_03_000577_000741.mp4,VIRAT_Dataset/annotations/VIRAT_S_040003_03_000577_000741.viratdata.objects.txt,NaN
VIRAT_S_050202_06_001048_001115.mp4,VIRAT_Dataset/videos/VIRAT_S_050202_06_001048_001115.mp4,VIRAT_Dataset/annotations/VIRAT_S_050202_06_001048_001115.viratdata.objects.txt,VIRAT_Dataset/annotations/VIRAT_S_050202_06_001048_001115.viratdata.events.txt
VIRAT_S_010002_07_000522_000547.mp4,VIRAT_Dataset/videos/VIRAT_S_010002_07_000522_000547.mp4,VIRAT_Dataset/annotations/VIRAT_S_010002_07_000522_000547.viratdata.objects.txt,VIRAT_Dataset/annotations/VIRAT_S_010002_07_000522_000547.viratdata.events.txt
VIRAT_S_040000_00_000000_000036.mp4,VIRAT_Dataset/videos/VIRAT_S_040000_00_000000_000036.mp4,VIRAT_Dataset/annotations/VIRAT_S_040000_00_000000_000036.viratdata.objects.txt,NaN
VIRAT_S_010004_07_000729_000809.mp4,VIRAT_Dataset/videos/VIRAT_S_010004_07_000729_000809.mp4,VIRAT_Dataset/annotations/VIRAT_S_010004_07_000729_000809.viratdata.objects.txt,VIRAT_Dataset/annotations/VIRAT_S_010004_07_000729_000809.viratdata.events.txt
VIRAT_S_040003_00_000000_000072.mp4,VIRAT_Dataset/videos/VIRAT_S_040003_00_000000_000072.mp4,VIRAT_Dataset/annotations/VIRAT_S_040003_00_000000_000072.viratdata.objects.txt,VIRAT_Dataset/annotations/VIRAT_S_040003_00_000000_000072.viratdata.events.txt
VIRAT_S_010201_06_000550_000600.mp4,VIRAT_Dataset/videos/VIRAT_S_010201_06_000550_000600.mp4,VIRAT_Dataset/annotations/VIRAT_S_010201_06_000550_000600.viratdata.objects.txt,VIRAT_Dataset/annotations/VIRAT_S_010201_06_000550_000600.viratdata.events.txt
VIRAT_S_000201_00_000018_000380.mp4,VIRAT_Dataset/videos/VIRAT_S_000201_00_000018_000380.mp4,VIRAT_Dataset/annotations/VIRAT_S_000201_00_000018_000380.viratdata.objects.txt,VIRAT_Dataset/annotations/VIRAT_S_000201_00_000018_000380.viratdata.events.txt
VIRAT_S_000207_02_000498_000530.mp4,VIRAT_Dataset/videos/VIRAT_S_000207_02_000498_000530.mp4,VIRAT_Dataset/annotations/VIRAT_S_000207_02_000498_000530.viratdata.objects.txt,VIRAT_Dataset/annotations/VIRAT_S_000207_02_000498_000530.viratdata.events.txt
VIRAT_S_000205_02_000409_000566.mp4,VIRAT_Dataset/videos/VIRAT_S_000205_02_000409_000566.mp4,VIRAT_Dataset/annotations/VIRAT_S_000205_02_000409_000566.viratdata.objects.txt,VIRAT_Dataset/annotations/VIRAT_S_000205_02_000409_000566.viratdata.events.txt
VIRAT_S_010203_03_000400_000435.mp4,VIRAT_Dataset/videos/VIRAT_S_010203_03_000400_000435.mp4,VIRAT_Dataset/annotations/VIRAT_S_010203_03_000400_000435.viratdata.objects.txt,VIRAT_Dataset/annotations/VIRAT_S_010203_03_000400_000435.viratdata.events.txt
VIRAT_S_010200_00_000060_000218.mp4,VIRAT_Dataset/videos/VIRAT_S_010200_00_000060_000218.mp4,VIRAT_Dataset/annotations/VIRAT_S_010200_00_000060_000218.viratdata.objects.txt,VIRAT_Dataset/annotations/VIRAT_S_010200_00_000060_000218.viratdata.events.txt
VIRAT_S_010208_02_000150_000180.mp4,VIRAT_Dataset/videos/VIRAT_S_010208_02_000150_000180.mp4,VIRAT_Dataset/annotations/VIRAT_S_010208_02_000150_000180.viratdata.objects.txt,VIRAT_Dataset/annotations/VIRAT_S_010208_02_000150_000180.viratdata.events.txt
VIRAT_S_010113_05_000776_000805.mp4,VIRAT_Dataset/videos/VIRAT_S_010113_05_000776_000805.mp4,VIRAT_Dataset/annotations/VIRAT_S_010113_05_000776_000805.viratdata.objects.txt,NaN
VIRAT_S_050201_10_001992_002056.mp4,VIRAT_Dataset/videos/VIRAT_S_050201_10_001992_002056.mp4,VIRAT_Dataset/annotations/VIRAT_S_050201_10_001992_002056.viratdata.objects.txt,VIRAT_Dataset/annotations/VIRAT_S_050201_10_001992_002056.viratdata.events.txt
VIRAT_S_010001_04_000583_000646.mp4,VIRAT_Dataset/videos/VIRAT_S_010001_04_000583_000646.mp4,VIRAT_Dataset/annotations/VIRAT_S_010001_04_000583_000646.viratdata.objects.txt,VIRAT_Dataset/annotations/VIRAT_S_010001_04_000583_000646.viratdata.events.txt
VIRAT_S_010005_08_000647_000693.mp4,VIRAT_Dataset/videos/VIRAT_S_010005_08_000647_000693.mp4,VIRAT_Dataset/annotations/VIRAT_S_010005_08_000647_000693.viratdata.objects.txt,VIRAT_Dataset/annotations/VIRAT_S_010005_08_000647_000693.viratdata.events.txt
VIRAT_S_040000_09_001194_001574.mp4,VIRAT_Dataset/videos/VIRAT_S_040000_09_001194_001574.mp4,VIRAT_Dataset/annotations/VIRAT_S_040000_09_001194_001574.viratdata.objects.txt,VIRAT_Dataset/annotations/VIRAT_S_040000_09_001194_001574.viratdata.events.txt
VIRAT_S_010204_00_000030_000059.mp4,VIRAT_Dataset/videos/VIRAT_S_010204_00_000030_000059.mp4,VIRAT_Dataset/annotations/VIRAT_S_010204_00_000030_000059.viratdata.objects.txt,VIRAT_Dataset/annotations/VIRAT_S_010204_00_000030_000059.viratdata.events.txt
VIRAT_S_040005_00_000003_000058.mp4,VIRAT_Dataset/videos/VIRAT_S_040005_00_000003_000058.mp4,VIRAT_Dataset/annotations/VIRAT_S_040005_00_000003_000058.viratdata.objects.txt,VIRAT_Dataset/annotations/VIRAT_S_040005_00_000003_000058.viratdata.events.txt
VIRAT_S_010000_03_000442_000528.mp4,VIRAT_Dataset/videos/VIRAT_S_010000_03_000442_000528.mp4,VIRAT_Dataset/annotations/VIRAT_S_010000_03_000442_000528.viratdata.objects.txt,VIRAT_Dataset/annotations/VIRAT_S_010000_03_000442_000528.viratdata.events.txt
VIRAT_S_010005_02_000177_000203.mp4,VIRAT_Dataset/videos/VIRAT_S_010005_02_000177_000203.mp4,VIRAT_Dataset/annotations/VIRAT_S_010005_02_000177_000203.viratdata.objects.txt,VIRAT_Dataset/annotations/VIRAT_S_010005_02_000177_000203.viratdata.events.txt
VIRAT_S_040003_04_000758_001118.mp4,VIRAT_Dataset/videos/VIRAT_S_040003_04_000758_001118.mp4,VIRAT_Dataset/annotations/VIRAT_S_040003_04_000758_001118.viratdata.objects.txt,VIRAT_Dataset/annotations/VIRAT_S_040003_04_000758_001118.viratdata.events.txt
VIRAT_S_010114_02_000765_000802.mp4,VIRAT_Dataset/videos/VIRAT_S_010114_02_000765_000802.mp4,VIRAT_Dataset/annotations/VIRAT_S_010114_02_000765_000802.viratdata.objects.txt,NaN
VIRAT_S_000205_00_000065_000149.mp4,VIRAT_Dataset/videos/VIRAT_S_000205_00_000065_000149.mp4,VIRAT_Dataset/annotations/VIRAT_S_000205_00_000065_000149.viratdata.objects.txt,VIRAT_Dataset/annotations/VIRAT_S_000205_00_000065_000149.viratdata.events.txt
VIRAT_S_050300_08_001705_001771.mp4,VIRAT_Dataset/videos/VIRAT_S_050300_08_001705_001771.mp4,VIRAT_Dataset/annotations/VIRAT_S_050300_08_001705_001771.viratdata.objects.txt,NaN
VIRAT_S_010116_00_000061_000121.mp4,VIRAT_Dataset/videos/VIRAT_S_010116_00_000061_000121.mp4,VIRAT_Dataset/annotations/VIRAT_S_010116_00_000061_000121.viratdata.objects.txt,NaN
VIRAT_S_040000_01_000042_000099.mp4,VIRAT_Dataset/videos/VIRAT_S_040000_01_000042_000099.mp4,VIRAT_Dataset/annotations/VIRAT_S_040000_01_000042_000099.viratdata.objects.txt,NaN
VIRAT_S_000001.mp4,VIRAT_Dataset/videos/VIRAT_S_000001.mp4,VIRAT_Dataset/annotations/VIRAT_S_000001.viratdata.objects.txt,VIRAT_Dataset/annotations/VIRAT_S_000001.viratdata.events.txt
VIRAT_S_050201_08_001567_001647.mp4,VIRAT_Dataset/videos/VIRAT_S_050201_08_001567_001647.mp4,VIRAT_Dataset/annotations/VIRAT_S_050201_08_001567_001647.viratdata.objects.txt,VIRAT_Dataset/annotations/VIRAT_S_050201_08_001567_001647.viratdata.events.txt
VIRAT_S_050202_01_000150_000280.mp4,VIRAT_Dataset/videos/VIRAT_S_050202_01_000150_000280.mp4,VIRAT_Dataset/annotations/VIRAT_S_050202_01_000150_000280.viratdata.objects.txt,VIRAT_Dataset/annotations/VIRAT_S_050202_01_000150_000280.viratdata.events.txt
VIRAT_S_010106_04_000800_000918.mp4,VIRAT_Dataset/videos/VIRAT_S_010106_04_000800_000918.mp4,VIRAT_Dataset/annotations/VIRAT_S_010106_04_000800_000918.viratdata.objects.txt,VIRAT_Dataset/annotations/VIRAT_S_010106_04_000800_000918.viratdata.events.txt
VIRAT_S_010205_06_000830_000904.mp4,VIRAT_Dataset/videos/VIRAT_S_010205_06_000830_000904.mp4,VIRAT_Dataset/annotations/VIRAT_S_010205_06_000830_000904.viratdata.objects.txt,VIRAT_Dataset/annotations/VIRAT_S_010205_06_000830_000904.viratdata.events.txt
VIRAT_S_050202_03_000608_000684.mp4,VIRAT_Dataset/videos/VIRAT_S_050202_03_000608_000684.mp4,VIRAT_Dataset/annotations/VIRAT_S_050202_03_000608_000684.viratdata.objects.txt,VIRAT_Dataset/annotations/VIRAT_S_050202_03_000608_000684.viratdata.events.txt
VIRAT_S_010107_01_000068_000196.mp4,VIRAT_Dataset/videos/VIRAT_S_010107_01_000068_000196.mp4,VIRAT_Dataset/annotations/VIRAT_S_010107_01_000068_000196.viratdata.objects.txt,NaN
VIRAT_S_010203_04_000457_000511.mp4,VIRAT_Dataset/videos/VIRAT_S_010203_04_000457_000511.mp4,VIRAT_Dataset/annotations/VIRAT_S_010203_04_000457_000511.viratdata.objects.txt,VIRAT_Dataset/annotations/VIRAT_S_010203_04_000457_000511.viratdata.events.txt
VIRAT_S_010106_02_000656_000692.mp4,VIRAT_Dataset/videos/VIRAT_S_010106_02_000656_000692.mp4,VIRAT_Dataset/annotations/VIRAT_S_010106_02_000656_000692.viratdata.objects.txt,VIRAT_Dataset/annotations/VIRAT_S_010106_02_000656_000692.viratdata.events.txt
VIRAT_S_000207_03_000556_000590.mp4,VIRAT_Dataset/videos/VIRAT_S_000207_03_000556_000590.mp4,VIRAT_Dataset/annotations/VIRAT_S_000207_03_000556_000590.viratdata.objects.txt,VIRAT_Dataset/annotations/VIRAT_S_000207_03_000556_000590.viratdata.events.txt
VIRAT_S_010002_03_000236_000261.mp4,VIRAT_Dataset/videos/VIRAT_S_010002_03_000236_000261.mp4,VIRAT_Dataset/annotations/VIRAT_S_010002_03_000236_000261.viratdata.objects.txt,VIRAT_Dataset/annotations/VIRAT_S_010002_03_000236_000261.viratdata.events.txt
VIRAT_S_010200_08_000838_000867.mp4,VIRAT_Dataset/videos/VIRAT_S_010200_08_000838_000867.mp4,VIRAT_Dataset/annotations/VIRAT_S_010200_08_000838_000867.viratdata.objects.txt,VIRAT_Dataset/annotations/VIRAT_S_010200_08_000838_000867.viratdata.events.txt
VIRAT_S_010001_00_000019_000065.mp4,VIRAT_Dataset/videos/VIRAT_S_010001_00_000019_000065.mp4,VIRAT_Dataset/annotations/VIRAT_S_010001_00_000019_000065.viratdata.objects.txt,VIRAT_Dataset/annotations/VIRAT_S_010001_00_000019_000065.viratdata.events.txt
VIRAT_S_040000_03_000221_000372.mp4,VIRAT_Dataset/videos/VIRAT_S_040000_03_000221_000372.mp4,VIRAT_Dataset/annotations/VIRAT_S_040000_03_000221_000372.viratdata.objects.txt,VIRAT_Dataset/annotations/VIRAT_S_040000_03_000221_000372.viratdata.events.txt
VIRAT_S_050000_09_001310_001373.mp4,VIRAT_Dataset/videos/VIRAT_S_050000_09_001310_001373.mp4,VIRAT_Dataset/annotations/VIRAT_S_050000_09_001310_001373.viratdata.objects.txt,VIRAT_Dataset/annotations/VIRAT_S_050000_09_001310_001373.viratdata.events.txt
VIRAT_S_000200_06_001693_001824.mp4,VIRAT_Dataset/videos/VIRAT_S_000200_06_001693_001824.mp4,VIRAT_Dataset/annotations/VIRAT_S_000200_06_001693_001824.viratdata.objects.txt,VIRAT_Dataset/annotations/VIRAT_S_000200_06_001693_001824.viratdata.events.txt
VIRAT_S_050301_00_000000_000036.mp4,VIRAT_Dataset/videos/VIRAT_S_050301_00_000000_000036.mp4,VIRAT_Dataset/annotations/VIRAT_S_050301_00_000000_000036.viratdata.objects.txt,VIRAT_Dataset/annotations/VIRAT_S_050301_00_000000_000036.viratdata.events.txt
VIRAT_S_010207_02_000790_000816.mp4,VIRAT_Dataset/videos/VIRAT_S_010207_02_000790_000816.mp4,VIRAT_Dataset/annotations/VIRAT_S_010207_02_000790_000816.viratdata.objects.txt,VIRAT_Dataset/annotations/VIRAT_S_010207_02_000790_000816.viratdata.events.txt
VIRAT_S_050201_07_001348_001458.mp4,VIRAT_Dataset/videos/VIRAT_S_050201_07_001348_001458.mp4,VIRAT_Dataset/annotations/VIRAT_S_050201_07_001348_001458.viratdata.objects.txt,VIRAT_Dataset/annotations/VIRAT_S_050201_07_001348_001458.viratdata.events.txt
VIRAT_S_000205_01_000197_000342.mp4,VIRAT_Dataset/videos/VIRAT_S_000205_01_000197_000342.mp4,VIRAT_Dataset/annotations/VIRAT_S_000205_01_000197_000342.viratdata.objects.txt,VIRAT_Dataset/annotations/VIRAT_S_000205_01_000197_000342.viratdata.events.txt
VIRAT_S_040003_06_001441_001518.mp4,VIRAT_Dataset/videos/VIRAT_S_040003_06_001441_001518.mp4,VIRAT_Dataset/annotations/VIRAT_S_040003_06_001441_001518.viratdata.objects.txt,NaN
VIRAT_S_000006.mp4,VIRAT_Dataset/videos/VIRAT_S_000006.mp4,VIRAT_Dataset/annotations/VIRAT_S_000006.viratdata.objects.txt,VIRAT_Dataset/annotations/VIRAT_S_000006.viratdata.events.txt
VIRAT_S_010111_06_000820_000860.mp4,VIRAT_Dataset/videos/VIRAT_S_010111_06_000820_000860.mp4,VIRAT_Dataset/annotations/VIRAT_S_010111_06_000820_000860.viratdata.objects.txt,NaN
VIRAT_S_000206_09_001714_001851.mp4,VIRAT_Dataset/videos/VIRAT_S_000206_09_001714_001851.mp4,VIRAT_Dataset/annotations/VIRAT_S_000206_09_001714_001851.viratdata.objects.txt,VIRAT_Dataset/annotations/VIRAT_S_000206_09_001714_001851.viratdata.events.txt
VIRAT_S_040000_05_000668_000703.mp4,VIRAT_Dataset/videos/VIRAT_S_040000_05_000668_000703.mp4,VIRAT_Dataset/annotations/VIRAT_S_040000_05_000668_000703.viratdata.objects.txt,NaN
VIRAT_S_010201_09_000770_000801.mp4,VIRAT_Dataset/videos/VIRAT_S_010201_09_000770_000801.mp4,VIRAT_Dataset/annotations/VIRAT_S_010201_09_000770_000801.viratdata.objects.txt,VIRAT_Dataset/annotations/VIRAT_S_010201_09_000770_000801.viratdata.events.txt
VIRAT_S_040001_01_000448_001101.mp4,VIRAT_Dataset/videos/VIRAT_S_040001_01_000448_001101.mp4,VIRAT_Dataset/annotations/VIRAT_S_040001_01_000448_001101.viratdata.objects.txt,VIRAT_Dataset/annotations/VIRAT_S_040001_01_000448_001101.viratdata.events.txt
VIRAT_S_050000_06_000908_000970.mp4,VIRAT_Dataset/videos/VIRAT_S_050000_06_000908_000970.mp4,VIRAT_Dataset/annotations/VIRAT_S_050000_06_000908_000970.viratdata.objects.txt,VIRAT_Dataset/annotations/VIRAT_S_050000_06_000908_000970.viratdata.events.txt
VIRAT_S_010115_02_000485_000516.mp4,VIRAT_Dataset/videos/VIRAT_S_010115_02_000485_000516.mp4,VIRAT_Dataset/annotations/VIRAT_S_010115_02_000485_000516.viratdata.objects.txt,NaN
VIRAT_S_010002_04_000307_000350.mp4,VIRAT_Dataset/videos/VIRAT_S_010002_04_000307_000350.mp4,VIRAT_Dataset/annotations/VIRAT_S_010002_04_000307_000350.viratdata.objects.txt,VIRAT_Dataset/annotations/VIRAT_S_010002_04_000307_000350.viratdata.events.txt
VIRAT_S_010208_08_000807_000831.mp4,VIRAT_Dataset/videos/VIRAT_S_010208_08_000807_000831.mp4,VIRAT_Dataset/annotations/VIRAT_S_010208_08_000807_000831.viratdata.objects.txt,NaN
VIRAT_S_010114_01_000235_000311.mp4,VIRAT_Dataset/videos/VIRAT_S_010114_01_000235_000311.mp4,VIRAT_Dataset/annotations/VIRAT_S_010114_01_000235_000311.viratdata.objects.txt,VIRAT_Dataset/annotations/VIRAT_S_010114_01_000235_000311.viratdata.events.txt
VIRAT_S_010113_00_000013_000071.mp4,VIRAT_Dataset/videos/VIRAT_S_010113_00_000013_000071.mp4,VIRAT_Dataset/annotations/VIRAT_S_010113_00_000013_000071.viratdata.objects.txt,NaN
VIRAT_S_050300_05_001272_001330.mp4,VIRAT_Dataset/videos/VIRAT_S_050300_05_001272_001330.mp4,VIRAT_Dataset/annotations/VIRAT_S_050300_05_001272_001330.viratdata.objects.txt,NaN
VIRAT_S_000200_01_000226_000268.mp4,VIRAT_Dataset/videos/VIRAT_S_000200_01_000226_000268.mp4,VIRAT_Dataset/annotations/VIRAT_S_000200_01_000226_000268.viratdata.objects.txt,VIRAT_Dataset/annotations/VIRAT_S_000200_01_000226_000268.viratdata.events.txt
VIRAT_S_010003_05_000499_000523.mp4,VIRAT_Dataset/videos/VIRAT_S_010003_05_000499_000523.mp4,VIRAT_Dataset/annotations/VIRAT_S_010003_05_000499_000523.viratdata.objects.txt,VIRAT_Dataset/annotations/VIRAT_S_010003_05_000499_000523.viratdata.events.txt
VIRAT_S_050200_00_000106_000380.mp4,VIRAT_Dataset/videos/VIRAT_S_050200_00_000106_000380.mp4,VIRAT_Dataset/annotations/VIRAT_S_050200_00_000106_000380.viratdata.objects.txt,VIRAT_Dataset/annotations/VIRAT_S_050200_00_000106_000380.viratdata.events.txt
VIRAT_S_010002_06_000441_000467.mp4,VIRAT_Dataset/videos/VIRAT_S_010002_06_000441_000467.mp4,VIRAT_Dataset/annotations/VIRAT_S_010002_06_000441_000467.viratdata.objects.txt,VIRAT_Dataset/annotations/VIRAT_S_010002_06_000441_000467.viratdata.events.txt
VIRAT_S_010000_06_000728_000762.mp4,VIRAT_Dataset/videos/VIRAT_S_010000_06_000728_000762.mp4,VIRAT_Dataset/annotations/VIRAT_S_010000_06_000728_000762.viratdata.objects.txt,VIRAT_Dataset/annotations/VIRAT_S_010000_06_000728_000762.viratdata.events.txt
VIRAT_S_000201_02_000590_000623.mp4,VIRAT_Dataset/videos/VIRAT_S_000201_02_000590_000623.mp4,VIRAT_Dataset/annotations/VIRAT_S_000201_02_000590_000623.viratdata.objects.txt,VIRAT_Dataset/annotations/VIRAT_S_000201_02_000590_000623.viratdata.events.txt
VIRAT_S_010201_03_000270_000359.mp4,VIRAT_Dataset/videos/VIRAT_S_010201_03_000270_000359.mp4,VIRAT_Dataset/annotations/VIRAT_S_010201_03_000270_000359.viratdata.objects.txt,VIRAT_Dataset/annotations/VIRAT_S_010201_03_000270_000359.viratdata.events.txt
VIRAT_S_010000_02_000388_000421.mp4,VIRAT_Dataset/videos/VIRAT_S_010000_02_000388_000421.mp4,VIRAT_Dataset/annotations/VIRAT_S_010000_02_000388_000421.viratdata.objects.txt,NaN
VIRAT_S_040103_05_000729_000804.mp4,VIRAT_Dataset/videos/VIRAT_S_040103_05_000729_000804.mp4,VIRAT_Dataset/annotations/VIRAT_S_040103_05_000729_000804.viratdata.objects.txt,VIRAT_Dataset/annotations/VIRAT_S_040103_05_000729_000804.viratdata.events.txt
VIRAT_S_010111_07_000872_000909.mp4,VIRAT_Dataset/videos/VIRAT_S_010111_07_000872_000909.mp4,VIRAT_Dataset/annotations/VIRAT_S_010111_07_000872_000909.viratdata.objects.txt,VIRAT_Dataset/annotations/VIRAT_S_010111_07_000872_000909.viratdata.events.txt
VIRAT_S_050202_04_000690_000750.mp4,VIRAT_Dataset/videos/VIRAT_S_050202_04_000690_000750.mp4,VIRAT_Dataset/annotations/VIRAT_S_050202_04_000690_000750.viratdata.objects.txt,VIRAT_Dataset/annotations/VIRAT_S_050202_04_000690_000750.viratdata.events.txt
VIRAT_S_010208_09_000857_000886.mp4,VIRAT_Dataset/videos/VIRAT_S_010208_09_000857_000886.mp4,VIRAT_Dataset/annotations/VIRAT_S_010208_09_000857_000886.viratdata.objects.txt,VIRAT_Dataset/annotations/VIRAT_S_010208_09_000857_000886.viratdata.events.txt
VIRAT_S_010201_00_000000_000053.mp4,VIRAT_Dataset/videos/VIRAT_S_010201_00_000000_000053.mp4,VIRAT_Dataset/annotations/VIRAT_S_010201_00_000000_000053.viratdata.objects.txt,VIRAT_Dataset/annotations/VIRAT_S_010201_00_000000_000053.viratdata.events.txt
VIRAT_S_000203_06_001206_001266.mp4,VIRAT_Dataset/videos/VIRAT_S_000203_06_001206_001266.mp4,VIRAT_Dataset/annotations/VIRAT_S_000203_06_001206_001266.viratdata.objects.txt,VIRAT_Dataset/annotations/VIRAT_S_000203_06_001206_001266.viratdata.events.txt
VIRAT_S_050201_00_000012_000116.mp4,VIRAT_Dataset/videos/VIRAT_S_050201_00_000012_000116.mp4,VIRAT_Dataset/annotations/VIRAT_S_050201_00_000012_000116.viratdata.objects.txt,VIRAT_Dataset/annotations/VIRAT_S_050201_00_000012_000116.viratdata.events.txt
VIRAT_S_010109_07_000876_000910.mp4,VIRAT_Dataset/videos/VIRAT_S_010109_07_000876_000910.mp4,VIRAT_Dataset/annotations/VIRAT_S_010109_07_000876_000910.viratdata.objects.txt,NaN
VIRAT_S_010004_01_000163_000188.mp4,VIRAT_Dataset/videos/VIRAT_S_010004_01_000163_000188.mp4,VIRAT_Dataset/annotations/VIRAT_S_010004_01_000163_000188.viratdata.objects.txt,VIRAT_Dataset/annotations/VIRAT_S_010004_01_000163_000188.viratdata.events.txt
VIRAT_S_040003_02_000197_000552.mp4,VIRAT_Dataset/videos/VIRAT_S_040003_02_000197_000552.mp4,VIRAT_Dataset/annotations/VIRAT_S_040003_02_000197_000552.viratdata.objects.txt,VIRAT_Dataset/annotations/VIRAT_S_040003_02_000197_000552.viratdata.events.txt
VIRAT_S_010207_09_001484_001510.mp4,VIRAT_Dataset/videos/VIRAT_S_010207_09_001484_001510.mp4,VIRAT_Dataset/annotations/VIRAT_S_010207_09_001484_001510.viratdata.objects.txt,VIRAT_Dataset/annotations/VIRAT_S_010207_09_001484_001510.viratdata.events.txt
VIRAT_S_010208_05_000591_000631.mp4,VIRAT_Dataset/videos/VIRAT_S_010208_05_000591_000631.mp4,VIRAT_Dataset/annotations/VIRAT_S_010208_05_000591_000631.viratdata.objects.txt,VIRAT_Dataset/annotations/VIRAT_S_010208_05_000591_000631.viratdata.events.txt
VIRAT_S_010000_01_000184_000324.mp4,VIRAT_Dataset/videos/VIRAT_S_010000_01_000184_000324.mp4,VIRAT_Dataset/annotations/VIRAT_S_010000_01_000184_000324.viratdata.objects.txt,VIRAT_Dataset/annotations/VIRAT_S_010000_01_000184_000324.viratdata.events.txt
VIRAT_S_050202_02_000447_000577.mp4,VIRAT_Dataset/videos/VIRAT_S_050202_02_000447_000577.mp4,VIRAT_Dataset/annotations/VIRAT_S_050202_02_000447_000577.viratdata.objects.txt,VIRAT_Dataset/annotations/VIRAT_S_050202_02_000447_000577.viratdata.events.txt
VIRAT_S_040103_02_000199_000279.mp4,VIRAT_Dataset/videos/VIRAT_S_040103_02_000199_000279.mp4,VIRAT_Dataset/annotations/VIRAT_S_040103_02_000199_000279.viratdata.objects.txt,VIRAT_Dataset/annotations/VIRAT_S_040103_02_000199_000279.viratdata.events.txt
VIRAT_S_040103_06_000836_000909.mp4,VIRAT_Dataset/videos/VIRAT_S_040103_06_000836_000909.mp4,VIRAT_Dataset/annotations/VIRAT_S_040103_06_000836_000909.viratdata.objects.txt,NaN
VIRAT_S_050300_06_001427_001616.mp4,VIRAT_Dataset/videos/VIRAT_S_050300_06_001427_001616.mp4,VIRAT_Dataset/annotations/VIRAT_S_050300_06_001427_001616.viratdata.objects.txt,VIRAT_Dataset/annotations/VIRAT_S_050300_06_001427_001616.viratdata.events.txt
VIRAT_S_010207_03_000865_000911.mp4,VIRAT_Dataset/videos/VIRAT_S_010207_03_000865_000911.mp4,VIRAT_Dataset/annotations/VIRAT_S_010207_03_000865_000911.viratdata.objects.txt,VIRAT_Dataset/annotations/VIRAT_S_010207_03_000865_000911.viratdata.events.txt
VIRAT_S_010201_08_000705_000739.mp4,VIRAT_Dataset/videos/VIRAT_S_010201_08_000705_000739.mp4,VIRAT_Dataset/annotations/VIRAT_S_010201_08_000705_000739.viratdata.objects.txt,VIRAT_Dataset/annotations/VIRAT_S_010201_08_000705_000739.viratdata.events.txt
VIRAT_S_010000_05_000638_000718.mp4,VIRAT_Dataset/videos/VIRAT_S_010000_05_000638_000718.mp4,VIRAT_Dataset/annotations/VIRAT_S_010000_05_000638_000718.viratdata.objects.txt,VIRAT_Dataset/annotations/VIRAT_S_010000_05_000638_000718.viratdata.events.txt
VIRAT_S_010208_10_000904_000991.mp4,VIRAT_Dataset/videos/VIRAT_S_010208_10_000904_000991.mp4,VIRAT_Dataset/annotations/VIRAT_S_010208_10_000904_000991.viratdata.objects.txt,VIRAT_Dataset/annotations/VIRAT_S_010208_10_000904_000991.viratdata.events.txt
VIRAT_S_010205_03_000370_000395.mp4,VIRAT_Dataset/videos/VIRAT_S_010205_03_000370_000395.mp4,VIRAT_Dataset/annotations/VIRAT_S_010205_03_000370_000395.viratdata.objects.txt,VIRAT_Dataset/annotations/VIRAT_S_010205_03_000370_000395.viratdata.events.txt
VIRAT_S_040104_06_001121_001241.mp4,VIRAT_Dataset/videos/VIRAT_S_040104_06_001121_001241.mp4,VIRAT_Dataset/annotations/VIRAT_S_040104_06_001121_001241.viratdata.objects.txt,VIRAT_Dataset/annotations/VIRAT_S_040104_06_001121_001241.viratdata.events.txt
VIRAT_S_010108_01_000570_000718.mp4,VIRAT_Dataset/videos/VIRAT_S_010108_01_000570_000718.mp4,VIRAT_Dataset/annotations/VIRAT_S_010108_01_000570_000718.viratdata.objects.txt,VIRAT_Dataset/annotations/VIRAT_S_010108_01_000570_000718.viratdata.events.txt
VIRAT_S_010001_06_000685_000722.mp4,VIRAT_Dataset/videos/VIRAT_S_010001_06_000685_000722.mp4,VIRAT_Dataset/annotations/VIRAT_S_010001_06_000685_000722.viratdata.objects.txt,VIRAT_Dataset/annotations/VIRAT_S_010001_06_000685_000722.viratdata.events.txt
VIRAT_S_000002.mp4,VIRAT_Dataset/videos/VIRAT_S_000002.mp4,VIRAT_Dataset/annotations/VIRAT_S_000002.viratdata.objects.txt,VIRAT_Dataset/annotations/VIRAT_S_000002.viratdata.events.txt
VIRAT_S_010001_02_000195_000498.mp4,VIRAT_Dataset/videos/VIRAT_S_010001_02_000195_000498.mp4,VIRAT_Dataset/annotations/VIRAT_S_010001_02_000195_000498.viratdata.objects.txt,VIRAT_Dataset/annotations/VIRAT_S_010001_02_000195_000498.viratdata.events.txt
VIRAT_S_010004_00_000064_000100.mp4,VIRAT_Dataset/videos/VIRAT_S_010004_00_000064_000100.mp4,VIRAT_Dataset/annotations/VIRAT_S_010004_00_000064_000100.viratdata.objects.txt,VIRAT_Dataset/annotations/VIRAT_S_010004_00_000064_000100.viratdata.events.txt
VIRAT_S_010207_07_001195_001260.mp4,VIRAT_Dataset/videos/VIRAT_S_010207_07_001195_001260.mp4,VIRAT_Dataset/annotations/VIRAT_S_010207_07_001195_001260.viratdata.objects.txt,VIRAT_Dataset/annotations/VIRAT_S_010207_07_001195_001260.viratdata.events.txt
VIRAT_S_000207_01_000094_000156.mp4,VIRAT_Dataset/videos/VIRAT_S_000207_01_000094_000156.mp4,VIRAT_Dataset/annotations/VIRAT_S_000207_01_000094_000156.viratdata.objects.txt,VIRAT_Dataset/annotations/VIRAT_S_000207_01_000094_000156.viratdata.events.txt
VIRAT_S_050000_01_000207_000361.mp4,VIRAT_Dataset/videos/VIRAT_S_050000_01_000207_000361.mp4,VIRAT_Dataset/annotations/VIRAT_S_050000_01_000207_000361.viratdata.objects.txt,VIRAT_Dataset/annotations/VIRAT_S_050000_01_000207_000361.viratdata.events.txt
VIRAT_S_010005_04_000299_000323.mp4,VIRAT_Dataset/videos/VIRAT_S_010005_04_000299_000323.mp4,VIRAT_Dataset/annotations/VIRAT_S_010005_04_000299_000323.viratdata.objects.txt,VIRAT_Dataset/annotations/VIRAT_S_010005_04_000299_000323.viratdata.events.txt
VIRAT_S_010001_05_000649_000684.mp4,VIRAT_Dataset/videos/VIRAT_S_010001_05_000649_000684.mp4,VIRAT_Dataset/annotations/VIRAT_S_010001_05_000649_000684.viratdata.objects.txt,VIRAT_Dataset/annotations/VIRAT_S_010001_05_000649_000684.viratdata.events.txt
VIRAT_S_050000_02_000404_000486.mp4,VIRAT_Dataset/videos/VIRAT_S_050000_02_000404_000486.mp4,VIRAT_Dataset/annotations/VIRAT_S_050000_02_000404_000486.viratdata.objects.txt,VIRAT_Dataset/annotations/VIRAT_S_050000_02_000404_000486.viratdata.events.txt
VIRAT_S_040004_00_000011_000093.mp4,VIRAT_Dataset/videos/VIRAT_S_040004_00_000011_000093.mp4,VIRAT_Dataset/annotations/VIRAT_S_040004_00_000011_000093.viratdata.objects.txt,NaN
VIRAT_S_000201_01_000384_000589.mp4,VIRAT_Dataset/videos/VIRAT_S_000201_01_000384_000589.mp4,VIRAT_Dataset/annotations/VIRAT_S_000201_01_000384_000589.viratdata.objects.txt,VIRAT_Dataset/annotations/VIRAT_S_000201_01_000384_000589.viratdata.events.txt
VIRAT_S_010005_01_000085_000164.mp4,VIRAT_Dataset/videos/VIRAT_S_010005_01_000085_000164.mp4,VIRAT_Dataset/annotations/VIRAT_S_010005_01_000085_000164.viratdata.objects.txt,VIRAT_Dataset/annotations/VIRAT_S_010005_01_000085_000164.viratdata.events.txt
VIRAT_S_050000_11_001530_001576.mp4,VIRAT_Dataset/videos/VIRAT_S_050000_11_001530_001576.mp4,VIRAT_Dataset/annotations/VIRAT_S_050000_11_001530_001576.viratdata.objects.txt,VIRAT_Dataset/annotations/VIRAT_S_050000_11_001530_001576.viratdata.events.txt
VIRAT_S_010202_03_000313_000355.mp4,VIRAT_Dataset/videos/VIRAT_S_010202_03_000313_000355.mp4,VIRAT_Dataset/annotations/VIRAT_S_010202_03_000313_000355.viratdata.objects.txt,VIRAT_Dataset/annotations/VIRAT_S_010202_03_000313_000355.viratdata.events.txt
VIRAT_S_050300_09_001789_001858.mp4,VIRAT_Dataset/videos/VIRAT_S_050300_09_001789_001858.mp4,VIRAT_Dataset/annotations/VIRAT_S_050300_09_001789_001858.viratdata.objects.txt,VIRAT_Dataset/annotations/VIRAT_S_050300_09_001789_001858.viratdata.events.txt
VIRAT_S_010114_00_000006_000116.mp4,VIRAT_Dataset/videos/VIRAT_S_010114_00_000006_000116.mp4,VIRAT_Dataset/annotations/VIRAT_S_010114_00_000006_000116.viratdata.objects.txt,VIRAT_Dataset/annotations/VIRAT_S_010114_00_000006_000116.viratdata.events.txt
VIRAT_S_050300_01_000148_000396.mp4,VIRAT_Dataset/videos/VIRAT_S_050300_01_000148_000396.mp4,VIRAT_Dataset/annotations/VIRAT_S_050300_01_000148_000396.viratdata.objects.txt,VIRAT_Dataset/annotations/VIRAT_S_050300_01_000148_000396.viratdata.events.txt
VIRAT_S_040005_06_000886_001016.mp4,VIRAT_Dataset/videos/VIRAT_S_040005_06_000886_001016.mp4,VIRAT_Dataset/annotations/VIRAT_S_040005_06_000886_001016.viratdata.objects.txt,VIRAT_Dataset/annotations/VIRAT_S_040005_06_000886_001016.viratdata.events.txt
VIRAT_S_010001_07_000741_000810.mp4,VIRAT_Dataset/videos/VIRAT_S_010001_07_000741_000810.mp4,VIRAT_Dataset/annotations/VIRAT_S_010001_07_000741_000810.viratdata.objects.txt,VIRAT_Dataset/annotations/VIRAT_S_010001_07_000741_000810.viratdata.events.txt
VIRAT_S_010001_03_000537_000563.mp4,VIRAT_Dataset/videos/VIRAT_S_010001_03_000537_000563.mp4,VIRAT_Dataset/annotations/VIRAT_S_010001_03_000537_000563.viratdata.objects.txt,VIRAT_Dataset/annotations/VIRAT_S_010001_03_000537_000563.viratdata.events.txt
VIRAT_S_010203_07_000775_000869.mp4,VIRAT_Dataset/videos/VIRAT_S_010203_07_000775_000869.mp4,VIRAT_Dataset/annotations/VIRAT_S_010203_07_000775_000869.viratdata.objects.txt,VIRAT_Dataset/annotations/VIRAT_S_010203_07_000775_000869.viratdata.events.txt
VIRAT_S_010205_02_000301_000345.mp4,VIRAT_Dataset/videos/VIRAT_S_010205_02_000301_000345.mp4,VIRAT_Dataset/annotations/VIRAT_S_010205_02_000301_000345.viratdata.objects.txt,VIRAT_Dataset/annotations/VIRAT_S_010205_02_000301_000345.viratdata.events.txt
VIRAT_S_050301_02_000544_000607.mp4,VIRAT_Dataset/videos/VIRAT_S_050301_02_000544_000607.mp4,VIRAT_Dataset/annotations/VIRAT_S_050301_02_000544_000607.viratdata.objects.txt,VIRAT_Dataset/annotations/VIRAT_S_050301_02_000544_000607.viratdata.events.txt
VIRAT_S_010204_11_001524_001607.mp4,VIRAT_Dataset/videos/VIRAT_S_010204_11_001524_001607.mp4,VIRAT_Dataset/annotations/VIRAT_S_010204_11_001524_001607.viratdata.objects.txt,VIRAT_Dataset/annotations/VIRAT_S_010204_11_001524_001607.viratdata.events.txt
VIRAT_S_010203_02_000347_000397.mp4,VIRAT_Dataset/videos/VIRAT_S_010203_02_000347_000397.mp4,VIRAT_Dataset/annotations/VIRAT_S_010203_02_000347_000397.viratdata.objects.txt,VIRAT_Dataset/annotations/VIRAT_S_010203_02_000347_000397.viratdata.events.txt
VIRAT_S_010002_00_000012_000120.mp4,VIRAT_Dataset/videos/VIRAT_S_010002_00_000012_000120.mp4,VIRAT_Dataset/annotations/VIRAT_S_010002_00_000012_000120.viratdata.objects.txt,VIRAT_Dataset/annotations/VIRAT_S_010002_00_000012_000120.viratdata.events.txt
VIRAT_S_010001_01_000071_000167.mp4,VIRAT_Dataset/videos/VIRAT_S_010001_01_000071_000167.mp4,VIRAT_Dataset/annotations/VIRAT_S_010001_01_000071_000167.viratdata.objects.txt,VIRAT_Dataset/annotations/VIRAT_S_010001_01_000071_000167.viratdata.events.txt
VIRAT_S_040003_01_000083_000193.mp4,VIRAT_Dataset/videos/VIRAT_S_040003_01_000083_000193.mp4,VIRAT_Dataset/annotations/VIRAT_S_040003_01_000083_000193.viratdata.objects.txt,VIRAT_Dataset/annotations/VIRAT_S_040003_01_000083_000193.viratdata.events.txt
VIRAT_S_040103_07_001011_001093.mp4,VIRAT_Dataset/videos/VIRAT_S_040103_07_001011_001093.mp4,VIRAT_Dataset/annotations/VIRAT_S_040103_07_001011_001093.viratdata.objects.txt,VIRAT_Dataset/annotations/VIRAT_S_040103_07_001011_001093.viratdata.events.txt
VIRAT_S_000203_03_000736_000785.mp4,VIRAT_Dataset/videos/VIRAT_S_000203_03_000736_000785.mp4,VIRAT_Dataset/annotations/VIRAT_S_000203_03_000736_000785.viratdata.objects.txt,VIRAT_Dataset/annotations/VIRAT_S_000203_03_000736_000785.viratdata.events.txt
VIRAT_S_010201_07_000601_000697.mp4,VIRAT_Dataset/videos/VIRAT_S_010201_07_000601_000697.mp4,VIRAT_Dataset/annotations/VIRAT_S_010201_07_000601_000697.viratdata.objects.txt,VIRAT_Dataset/annotations/VIRAT_S_010201_07_000601_000697.viratdata.events.txt
VIRAT_S_050000_16_001947_001989.mp4,VIRAT_Dataset/videos/VIRAT_S_050000_16_001947_001989.mp4,VIRAT_Dataset/annotations/VIRAT_S_050000_16_001947_001989.viratdata.objects.txt,VIRAT_Dataset/annotations/VIRAT_S_050000_16_001947_001989.viratdata.events.txt
VIRAT_S_010205_04_000545_000576.mp4,VIRAT_Dataset/videos/VIRAT_S_010205_04_000545_000576.mp4,VIRAT_Dataset/annotations/VIRAT_S_010205_04_000545_000576.viratdata.objects.txt,VIRAT_Dataset/annotations/VIRAT_S_010205_04_000545_000576.viratdata.events.txt
VIRAT_S_050202_09_001642_001712.mp4,VIRAT_Dataset/videos/VIRAT_S_050202_09_001642_001712.mp4,VIRAT_Dataset/annotations/VIRAT_S_050202_09_001642_001712.viratdata.objects.txt,VIRAT_Dataset/annotations/VIRAT_S_050202_09_001642_001712.viratdata.events.txt
VIRAT_S_040104_04_000854_000934.mp4,VIRAT_Dataset/videos/VIRAT_S_040104_04_000854_000934.mp4,VIRAT_Dataset/annotations/VIRAT_S_040104_04_000854_000934.viratdata.objects.txt,VIRAT_Dataset/annotations/VIRAT_S_040104_04_000854_000934.viratdata.events.txt
VIRAT_S_010200_07_000748_000837.mp4,VIRAT_Dataset/videos/VIRAT_S_010200_07_000748_000837.mp4,VIRAT_Dataset/annotations/VIRAT_S_010200_07_000748_000837.viratdata.objects.txt,VIRAT_Dataset/annotations/VIRAT_S_010200_07_000748_000837.viratdata.events.txt
VIRAT_S_010113_04_000681_000772.mp4,VIRAT_Dataset/videos/VIRAT_S_010113_04_000681_000772.mp4,VIRAT_Dataset/annotations/VIRAT_S_010113_04_000681_000772.viratdata.objects.txt,VIRAT_Dataset/annotations/VIRAT_S_010113_04_000681_000772.viratdata.events.txt
VIRAT_S_010200_09_000886_000915.mp4,VIRAT_Dataset/videos/VIRAT_S_010200_09_000886_000915.mp4,VIRAT_Dataset/annotations/VIRAT_S_010200_09_000886_000915.viratdata.objects.txt,VIRAT_Dataset/annotations/VIRAT_S_010200_09_000886_000915.viratdata.events.txt
VIRAT_S_010106_03_000730_000782.mp4,VIRAT_Dataset/videos/VIRAT_S_010106_03_000730_000782.mp4,VIRAT_Dataset/annotations/VIRAT_S_010106_03_000730_000782.viratdata.objects.txt,VIRAT_Dataset/annotations/VIRAT_S_010106_03_000730_000782.viratdata.events.txt
VIRAT_S_010005_00_000048_000075.mp4,VIRAT_Dataset/videos/VIRAT_S_010005_00_000048_000075.mp4,VIRAT_Dataset/annotations/VIRAT_S_010005_00_000048_000075.viratdata.objects.txt,VIRAT_Dataset/annotations/VIRAT_S_010005_00_000048_000075.viratdata.events.txt
VIRAT_S_010208_07_000768_000791.mp4,VIRAT_Dataset/videos/VIRAT_S_010208_07_000768_000791.mp4,VIRAT_Dataset/annotations/VIRAT_S_010208_07_000768_000791.viratdata.objects.txt,VIRAT_Dataset/annotations/VIRAT_S_010208_07_000768_000791.viratdata.events.txt
VIRAT_S_010111_05_000762_000799.mp4,VIRAT_Dataset/videos/VIRAT_S_010111_05_000762_000799.mp4,VIRAT_Dataset/annotations/VIRAT_S_010111_05_000762_000799.viratdata.objects.txt,VIRAT_Dataset/annotations/VIRAT_S_010111_05_000762_000799.viratdata.events.txt
VIRAT_S_050301_03_000933_001046.mp4,VIRAT_Dataset/videos/VIRAT_S_050301_03_000933_001046.mp4,VIRAT_Dataset/annotations/VIRAT_S_050301_03_000933_001046.viratdata.objects.txt,VIRAT_Dataset/annotations/VIRAT_S_050301_03_000933_001046.viratdata.events.txt
VIRAT_S_000202_00_000000_000977.mp4,VIRAT_Dataset/videos/VIRAT_S_000202_00_000000_000977.mp4,VIRAT_Dataset/annotations/VIRAT_S_000202_00_000000_000977.viratdata.objects.txt,VIRAT_Dataset/annotations/VIRAT_S_000202_00_000000_000977.viratdata.events.txt
VIRAT_S_010205_01_000207_000288.mp4,VIRAT_Dataset/videos/VIRAT_S_010205_01_000207_000288.mp4,VIRAT_Dataset/annotations/VIRAT_S_010205_01_000207_000288.viratdata.objects.txt,VIRAT_Dataset/annotations/VIRAT_S_010205_01_000207_000288.viratdata.events.txt
VIRAT_S_010003_06_000526_000560.mp4,VIRAT_Dataset/videos/VIRAT_S_010003_06_000526_000560.mp4,VIRAT_Dataset/annotations/VIRAT_S_010003_06_000526_000560.viratdata.objects.txt,VIRAT_Dataset/annotations/VIRAT_S_010003_06_000526_000560.viratdata.events.txt
VIRAT_S_010108_02_000800_000960.mp4,VIRAT_Dataset/videos/VIRAT_S_010108_02_000800_000960.mp4,VIRAT_Dataset/annotations/VIRAT_S_010108_02_000800_000960.viratdata.objects.txt,VIRAT_Dataset/annotations/VIRAT_S_010108_02_000800_000960.viratdata.events.txt
VIRAT_S_050000_08_001235_001295.mp4,VIRAT_Dataset/videos/VIRAT_S_050000_08_001235_001295.mp4,VIRAT_Dataset/annotations/VIRAT_S_050000_08_001235_001295.viratdata.objects.txt,VIRAT_Dataset/annotations/VIRAT_S_050000_08_001235_001295.viratdata.events.txt
VIRAT_S_010107_00_000019_000057.mp4,VIRAT_Dataset/videos/VIRAT_S_010107_00_000019_000057.mp4,VIRAT_Dataset/annotations/VIRAT_S_010107_00_000019_000057.viratdata.objects.txt,VIRAT_Dataset/annotations/VIRAT_S_010107_00_000019_000057.viratdata.events.txt
